I. Key Scale,II. Hebrew Names of the Paths,II. Transliteration of the Hebrew Names of the Paths,III. Translation of the Names of the Paths,IV. Consciousness of the Adept,V. God Names in Assiah,VI. Heavens of Assiah,VI. Transliteration of the Heavens of Assiah,VII. Translation of Heavens of Assiah,VII. Meanings of the Symbols,VII. Orders of the Qliphoth,VII. Transliteration of the Orders of the Qliphoth,CXXIII. Translation of the Orders of the Qliphoth,IX. The Sword and the Serpent,X. Mystic Numbers of the Sephiroth,XI. The Elements and their Planetary Rulers,XII. Position on the Glyph of the Tree of Life,XIII. Paths of the Sefer Yetzirah,XIV. General Attribution of the Tarot,XV. King Scale Colors (Yod),XV. King Scale Colors (HEX),XVI. Queen Scale Colors (Heh),XVI. Queen Scale Colors (HEX),XVII. Emperor Scale Colors (Vav),XVII. Emperor Scale Colors (HEX),XVIII. Empress Scale Colors (Heh),XVIII. Empress Scale Colors (HEX),XIX. Selection of Egyptian Gods,XX. Practical Egyptian Gods,XXI. The Perfected Man,XXII. Small Selection of Hindu Deities,XXIII. The Forty Buddhist Meditations,XXIV. Certain of the Hindu/Buddhist Results,XXV.-XXXII.,XXXIII. Some Scandinavian Gods,XXXIV. Some Greek Gods,XXXV. Some Roman Gods,XXXVI. Selefction of Christian Gods (10); Apostles (12); Evangelists(4); and Churches of Asia (7),XXXVII. Hindu Legendary Demons,XXXVIII. Animals (Real & Imaginary),XXXIX. Plants (Real & Imaginary),XL. Precious Stones,XLI. Magical Weapons,CLXXXVIII. Magical Formulae (see Col. XLI),XLII. Perfumes,XLIII. Vegetable Drugs,XLIV. Mineral Drugs,XLV. Magical Powers [Western Mysticism],XLVI. System of Taoism,XLVII. Kings and Princes of the Jinn,XLVIII. Figures Related to Pure Number,"XLIX. Lineal Figures of the Planets, &c., and Geomany",L. Transcendental Morality (10 Virtues; 7 Deadly Sins; 4 Magic Powers),LI. The Coptic Alphabet (Magiscule),LI. The Coptic Alphabet (Miniscule),LI. Names of the Coptic Letters,LI. Enumeration of the Coptic Alphabet,LI. English Equivalent of the Coptic Alphabet,LII. Arabic Alphabet,LII. Transliteration of the Arabic Alphabet,CLXXXIV. Enumeration of the Arabic Alphabet,LII. Greek Alphabet (Magiscule),LII. Greek Alphabet (Miniscule),CLXXXV. Enumeration of the Greek Alphabet,CLXXXVI. Diseases,LIV. The Letters of the Name,LV. The Elements and Senses,LVI. The Four Rivers,LVI. The Four Rivers (English),LVII. The Four Quarters,LVII. The Four Quarters Transliterated,LVII. The Four Quarters Direction,LVIII. Supreme Elemental Kings,LIX. Archangels of the Quarters,LIX. Archangels of the Quarters Transliterated,LX. Rulers of the Elements,LX. Rulers of the Elements Transliterated,LXI. Angels of the Elements,LXI. Angels of the Elements Transliterated,LXII. Kings of the Elemental Spirits,LXIII. The Four Worlds,LXIII. The Four Worlds Transliterated,LXIII. The Four Worlds Meaning,LXIV. Secret Names of the Four Worlds,LXIV. Secret Names of the Four Worlds Transliterated,LXV. Secret Numbers of the Four Worlds,LXVI. Spelling of Tetragrammaton in the Four Worlds,LXVII. Parts of the Soul,LXVII. Parts of the Soul Transliterated,LXVIII. The Demon Kings,LXIX. The Alchemical Elements,LXX. Attribution of the Pentagram,"LXXI. Court Cards of the Tarot, with the Spheres of their Celestial Dominion - Wands","LXII. The Court Cards of the Tarot, with the Spheres of their Celestial Dominion Cups","LXIII. The Court Cards of the Tarot, with the Spheres of their Celestial Dominion Swords.","LXIV. The Court Cards of the Tarot, with the Spheres of 
their Celestial Dominion Pantacles. ",LXXV. The Five Elements (Tatwas),LXXV. Descriptions of the Tatwas,LXXVI. The Five Skandhas ,LXXVI. The Five Skandhas (English),CLXXVIII. The Body,CXCI. The Four Noble Truths,CXXXIX. Bodily Functions,CXXXIX. Bodily Functions,LXXVII. The Planets,LXXVII. The Planets' Numbers,LXXVIII. Intelligences of the Planets,CXCIV. Intelligences (Transliteration),LXXIX. Spirits of the Planets,CXCIII. Spirits of the Planets Transliteration.,LXXX. Olympic Planetary Spirits,LXXXI. Metals,LXXXII. The Noble Eightfold Path,CXCII. The Noble Eightfold Path (English),LXXXIII. Attribution of the Hexagram,LXXXIV. Divine Names of Briah,LXXXIV. Divine Names of Briah Transliteration,LXXXV. Angels of Briah,LXXXV. Angels of Briah Transliteration,LXXXVI. Choirs of Angels in Briah,LXXXVI. Choirs of Angels in Briah Transliteration,LXXXVII. Palaces in Briah,LXXXVII. Palaces in Briah Transliteration,LXXXVIII. Palaces in Briah Translation,LXXXIX. Revolutions of אהיה in Briah,XC. The 42-fold Name which Revolves in the Palaces of Yetzirah ,XCI. The Saints or Adepts of the Hebrews,XCII. The Angelic Functions in the World of Yetzirah,XCIII. The Heavens of Assiah,XCIII. The Heavens of Assiah Transliterated,XCIV. The Heavens of Assiah English,XCV. Contents of the Heavens of Assiah,XCVI. The Revolutions of יהוה in Yetzirah,XCVII. Parts of the Soul,XCVII. Parts of the Soul Transliterated,XCVIII. Parts of the Soul English,XCIX. Archangels of Assiah,XCIX. Archangels of Assiah Transliterated,C. Angels of Assiah,C. Angels of Assiah Transliterated,CI. Angels of Assiah English,CII. Revolutions of Adonai in Assiah,CIII. The Ten Divisions of the Body of God,CIV. The Ten Earths in Seven Palaces,CIV. Ten Earths in Seven Palaces Transliterated,CV. Ten Earths in Seven Palaces English,CVI. Ten Hells in Seven Palaces,CVI. Ten Hells in Seven Palaces Transliterated,CVII. Ten Hells in Seven Palaces English,CVIII. Some Princes of the Qliphoth,CVIII. Some Princes of the Qliphoth Transliterated,CIX. Kings of Edom,CIX. Kings of Edom Transliterated,CIX. Dukes of Edom,CIX. Dukes of Edom Transliterated,CX. Elements and Quarters per the Sepher Yetzirah,CXI. Sephirothic Colors per Dr. Jellinek,CXII. Alchemical Tree of Life,CXII. Alchemical Tree of Life,CXIII. Alechemical Metals,CXIV. Passwords of the Grades,CXV. Officers in a Masonic Lodge,CXVI. Egyptial Attribution of Parts of the Soul,CXVII. The Soul (Hindu),CXVIII. The Chakras,CXVIII. The Chakras Meaning,CXIX. The Ten Fetters (Buddhism),CXIX. The Ten Fetters (English),CXX. Magical Images of the Sephiroth,CXXI. Grades of the Order,CXXI. Names of the Grades,CXXI. Orders of the Grades,CXXII. The Ten Plagues of Egypt,CXXIV. The Heavenly Hexagram,CXXV. Seven Hells of the Arabs,CXXVI. Inhabitants of the Seven Hells of the Arabs,CXXVII. Seven Heavens of the Arabs,"CXXVIII. Seven Heavens of the Arabs, English",CXXIX. Pairs of Angels Ruling Wands,CXXX. Pairs of Angels Ruling Cups,CXXXI. Pairs of Angels Ruling Swords,CXXXII. Pairs of Angels Ruling Coins,CXXXIII. Titles and Attributions of the Wand Suit,CXXXIV. Titles and Attributions of the Chalice Suit,CXXXV. Titles and Attributions of the Sword Suit.,CXXXVI. Titles and Attributions of the Pantacle Suit,CXXXVII. Signs of the Zodiac ,CXXXVII. Signs of the Zodiac ,CXXXVIII. Planets Governing the Signs of the Zodiac,CXXXIX. Planets Exalted in the Signs of the Zodiac,Superior Planetary Governors,Superior Planetary Governors,CXL. Twelve Banners of the Name,CXLI. Twelve Tribes,CXLI. Twelve Tribes Transliterated,CXLII. Angels Ruling Houses,CXLII. Angels Ruling Houses Transliterated,CXLIII. Twelve Lesser Assistant Angels in the Signs,CXLIII. Twelve Lesser Assistant Angels in the Signs (Transl).,CXXXIX. Angels Lords of the Triplicity in the Signs by Day,CXXXIX. Eng,CXL. Angels Lords of the Triplicity in the Signs by Night,CXL. Eng,CXLVI. Angels of the Decantes (Ascendent),CXLVI. Eng,CXLVII. Angels of the Decantes (Succedent),CXLVII. Eng,CXLVIII. Angels of the Decantes (Cadent) ,CXLVIII. Eng,CXLIX. Magical Images of the Decans (Ascendent),CL. Magical Images of the Decans (Succedent),CLI. Magical Images of the Decans (Cadent),CLII. Perfumes (Ascendent),CLIII. Perfumes (Succedent),CLIV. Perfumes (Cadent),CLV. Goetic Demons of Decans by Day (Ascendant),CLV. Transl.,CLV. Number,CLV. Planet,CLVI. Image.,CLVII. Goetic Demons of the Decans by Day (Succedent),CLVII. Transl. ,CLVII. Number,CLVII. Planet,CLVIII. Image,CLIX. Goetic Demons of the Decans by Day (Cadent),CLIX. Transl. ,CLIX. Number,CLIX. Planet,CLX. Image,CLXI. Goetic Demons of the Decans by Night (Ascendant),CLXI. Transl.,CLXI. Number,CLXI. Planet,CLXII. Image,CLXIII. Goetic Demons of the Decans by Night (Succedent),CLXIII. Transl. ,CLXIII. Number,CLXIII. Planet,CLXIV. Image,CLXV. Goetic Demons of the Decans by Night (Cadent),CLXV. Transl. ,CLXV. Number,CLXV. Planet,CLXVI. Image,CLXVII. Egyptian Gods of the Zodiac (Asc. Decans),CLXVIII. Egyptian Names of Asc. Decans.,CLXIX. Egyptian Gods of the Zodiac (Succedent),CLXX. Egyptian Names of the Succedent Decans,CLXXI. Egyptian Gods of the Zodiac (Cadent),CLXXII. Egyptian Names of the Cadent Decans,CLXXIII. Genii of the Twelve Hours,CLXXIV. The Mansions of the Moon,CLXXV. Hebrew Letters,CLXXVI. Hebrew Letters Numerical Value,CLXXVII. Hebrew Letters Yetziratic Attribution,CLXXVIII. Geomantic Intelligences (Hebrew),CLXXVIII. Geomantic Intelligences (Transliterated),CLXXIX. Numbers printed on Tarot Trumps,CLXXX. Title of Tarot Trumps,CLXXXI. Correct Design of Tarot Trumps,CLXXXII. The Human Body,CLXXXIII. Legendary Orders of Being
0,"אין
אין סוף
אין סוף אור","Ain
Ain Soph
Ain Soph Aur","Nothing
No Limit
Limitless LVX",,,,,,,,"Qemetiel
Belia'al
A'athiel","Crowd of Gods
Worthlessness
Uncertainty",,0,...,...,...,...,...,...,...,...,...,...,...,...,"Harpocrates, Amoun, Nuith [[Nuit and Hadit]]",Heru-pa-Kraath,The Hair (Nu),AUM,"Nothing and Neither P nor p'
Space
Consciousness","Nerodha-samapatti, Nirvikalpa- samadhi, Shiva darshana","Arbitrarily numbered, this column is reserved for the addition of other pantheons …",...,Pan,...,...,Text reads:,[[Dragon]],"[[Lotus, Rose]]","[[Star Sapphire, Black Diamond]]",[[No attribution possible]],LASTAL. M . . . . M,[[No attribution possible]],...,Carbon,The Supreme Attainment [[Vision of No Difference]],The Tao or Great Extreme of the Yi King,Text reads:,...,The Circle,...,,,,,,,,,,,,,,,,,,,,,,,,,,,,,,,,,,,,,,,,,,,,,,,,,,,,,,,,,,,,,,,,,,,,,,,,,,,,,,,,,,,,,,,,,,,,,,,,,,,,,,,,,,,,,,Hammemit,,,,,,,0□=0°,,,,,,,,,,,,,,,,,,,,,,,,,,,,,,,,,,,,,,,,,,,,,,,,,,,,,,,,,,,,,,,,,,,,,,,,,,,,,,,,,,,,,,,,,,,,,
1, כתר,Kether,Crown,הוא,אהיה,ראשית הגלגלים,Reshith H'Gilgalim,Sphere of the Primum Mobile,,תאומיאל,Thaumiel,"Dual Contending Forces, Twins of God",,1,Root of 🜁,1st Plane - Middle Pillar,Admirable or hidden intelligence,The 4 Aces,Brilliance,#FFFFFF,White brilliance,#FFFFFF,White brilliance,#FFFFFF,White flecked gold,#FFECB3,"Ptah, Asar un Nefer, Hadith [[Heru-Ra-Ha]]",Ptah,The Face (Disk) & The Neck (Asi),"Parabrahm [[Shiva, Brahma]]",Indifference,"Unity with Brahma, Atma darshana",,Wotan,"Zeus, Ikarus",Jupiter,God the 3 in 1,Insufficient Information,"God [[Swan, Hawk]]",Almond in Flower [[Banyan]] ,Diamond,"Swastika or Fylfot Cross, Crown [[The Lamp]]",...,Ambergris,Elixir Vitæ,Aur. Pot.,Union with God,Shang Ti (also the Tao),,...,The Point,Pyrrho-Zoroastrianusm,Ⲋ,ⲋ,Sou,6,St,(The three lost fathers),,,,,31,Death,,,,,,,,,,,,,,,,,,,,,,,,,,,,,,,,,,,,,,,,,,,,,,,,,,,אל,El,יהואל,Yehuel,שרפים,Seraphim,היכל קדוש קדשים,Hekel Qadosh Qadeshim,Palace of the Holy of Holies,אהיה,אב,Messias Filius David,Above it stood the seraphim: Six wings,ערבות,Araboth,Plain,"Blessings, all good things",יהוה,יחידה,Yechidah,The Self,מטטרון,Metatron,חיות הקדש,Chaioth ha-Qodesh,Holy Living Creatures,אדני,Skull,ארץ,Aretz,Earth (Dry),שאול,Sheol,Grave,הסתן וםלך,Satan and Molech,,,,,רוה אלהים חיים,Concealed Light,Symbol of Mercury with downward-pointing arrow under cross (hermaphroditic?),Mercurius Hermaphroditus,Metallic Radix.,Silence ,Past Master,"Kha, or Yekh",Atma,Sahasrara,Above Head,Aruparga,Desire for immaterial immortality,Ancient bearded king seen in profile,10°=1□,Ipsissimus,3rd Order,Death of the First-born,♃,Háwiyah,Hypocrites,Dar al-Jalai,House of Glory Made of Pearls,,,,,The root of the powers of fire.,The Root of the Powers of Water,The Root of the Powers of Air,The Root of the Powers of Earth,,,,,,,,,,,,,,,,,,,,,,,,,,,,,,,,,,,,,,,,,,,,,,,,,,,,,,,,,,,,,,,,,,,,,,,,,,,,,
2,חכמה,Chokmah,Wisdom,,יה,מזלות,Mazlot,Sphere of the Zodiac,,עוגואל,Ghagiel,Hinderers,,3,Root of 🜂,2nd Plane - Right Pillar,Illuminating Intelligence,The 4 Twos - Kings / Knights,Pure soft blue,#87CEEB,Grey,#808080,"Blue pearl grey, like mother-of pearl",#8DA399,"White, flecked red, blue, and yellow",#FFFFFF,"Amoun, Thoth, Nuith [Zodiac]",Isis (as Wisdom),The Face (Disk) & The Neck (Asi),"Shiva, Vishnu, Akasa, Lingam",Joy,...,In 777 the text reads:,Odin,"Athena, Uranus",Janus [[Mercury]],"God the Father, who guides Parliament",,Man ,"Amaranth [[Mistletoe, Bo or Pipal Tree]]","Star Ruby, Turquoise","Lingam, the Inner Robe of Glory [[The Word]]",VIAOV,Musk,Hashish [[Cocaine]],Phosphorus,The Vision of God face to face [[Vision of Antinomies]],The Yang and Khien,,The Cross,"The Line, also the Cross",Devotion,Ϭ,ϭ,Gima,,Sz,(The three lost fathers),,,[Σ],[σ],200,Insanity,,,,,,,,,,,,,,,,,,,,,,,,,,,,,,,,,,,,,,,,,,,,,,,,,,,אל,El,רפאל,Raphael,אופנים,Auphanim,היכל קדוש קדשים,Hekel Qadosh Qadeshim,Palace of the Holy of Holies,אההי,ני,Mosheh,Above it stood the seraphim: Six wings,ערבות,Araboth,Plain,"Blessings, all good things",יההו,חיה,Chiah,The Life,רציאל,Ratziel,אופנים,Auphanim,Wheels,אדין,Right brain,ארץ,Aretz,Earth (Dry),שאול,Sheol,Grave,סמאל,Samael,,,,,Air,Sky Blue,🜍,Sulfur,Lead (Saturn),אב,Past Master,"Khai, or Ka",Buddhi,Ajna,Pineal Gland,Vikkikika,Skeptical doubt,Almost any male image shows some aspect of Chokmah,9°=2□,Magus,3rd Order,Locusts,☿,Háwiyah,Hypocrites,Dar al-Jalai,House of Glory Made of Pearls,דניאל והואל,חבויה איעאל,מבהאל יזלאל,ושריה לכבאל,♂ in ♈; The Lord of Dominion,♀ in ♋; The Lord of Love,☽ in ♎; The Lord of Peace Restored (Peace),♃ in ♑; The Lord of Harmonious Change (Change),,,,,,,,,,,,,,,,,,,,,,,,,,,,,,,,,,,,,,,,,,,,,,,,,,,,,,,,,,,,,,,,,,,,,,,,,,,,,
3,בינה,Binah,Understanding,,יהוה אלהים,שבתאי,Shabbathai,Sphere of Saturn,,סאתאריאל,Satariel,Concealers,,6,Root of 🜄,2nd Plane - Left Pillar,Sanctifying Intelligence,The 4 Threes - Queens,Crimson,#DC143C,Black,#000000,Dark brown,#654321,Grey flecked pink,#C4C4C4,"Maut,Isis,Nephthy",Nephthys,The Face (Disk) & The Neck (Asi),"Bhavani (All Sakti), Prana (Force), Yoni",Compassion,...,"We have insufficient knowledge of the attributions of Assyrian, Syrian, Mongolian, Tibetan, Mexican, Zend, South Sea, West African, etc.",Frigga,"Cybele, Demeter, Rhea, Heré, Kronos, Pyché","Juno, Cybele, Hecate",The Virgin Mary,,Woman [[Bee]],"Cypress, Opium Poppy [[Lotus, Lily, Ivy]]","Star Sapphire, Pearl","Yoni, the Outer Robe of Concealment [[The Cup, the Shining Star]]",BABALON. VITRIOL,"Myrrh, Civet","Belladonna, Soma",Silver,The Vision of Sorrow [[Vision of Wonder]],"Kwan-se-on, The Yin and Khwan","Column left blank due to  transcriber's complete ignorance of Arabic. May be restored at some point, but then again maybe not; in any case, don't hold your breath.",The Triangle,"The Plane, also the Diamond, Oval, Circle, and other Yoni Symbols",Silence,Ϯ,ϯ,Ti,,Tt,(The three lost fathers),,,,,,Dementia (Amnesia),,,,,,,,,,,,,,,,,,,,,,,,,,,,,,,,,,,,,,,,,,,,,,,,,,,אל,El,כרוביאל,Kerubiel,כרובים,Kerubim,היכל קדוש קדשים,Hekel Qadosh Qadeshim,Palace of the Holy of Holies,איהה,טץ,Enoch,Above it stood the seraphim: Six wings,ערבות,Araboth,Plain,"Blessings, all good things",יוהה,נשמה,Neshamah,The Intuition,צאפקיאל,Tzaphkiel,אראלים,Aralim,"Active Ones, Thrones",אןיד,Left brain,ארץ,Aretz,Earth (Dry),שאול,Sheol,Grave,אשת זנונים,Ashet Zanunim,,,,,Water and Earth,Yellow,⊖,Salt,Iron (Mars),דב,Past Master,"Ba, or Baie",Higher Manas,Visuddhi,Larynx,Rupraga,Desire for bodily immortality,Almost any female image shows some aspect of Binah,8°=3□,Magister Templi,3rd Order,Darkness,☽ (♄ in Daath),Háwiyah,Hypocrites,Dar al-Jalai,House of Glory Made of Pearls,עממיה ההשיה,יבמיה ראהאל,הקמיה הריאל,להחיה יחויה,☉ in ♈; Established Strength (Virtue),☿ in ♋; Abundance,♄ in ♎; Sorrow,♂ in ♑; Material Works (Works),,,,,,,,,,,,,,,,,,,,,,,,,,,,,,,,,,,,,,,,,,,,,,,,,,,,,,,,,,,,,,,,,,,,,,,,,,,,,
4,חסד,Chesed,Mercy,,אל,צדק,Tzedeq,Sphere of Jupiter,,געסכלה,Gha'agsheklah,Breakers in Pieces,,10,🜄,3rd Plane - Right Pillar,Measuring Cohesive or Receptacular Intelligence,The 4 Fours,Deep violet,#9400D3,Blue,#0000FF,Deep purple,#9932CC,Deep azure flecked yellow,#1E90FF,"Amoun,Isis [[Hathoor]]",Amoun,The Arms (Neith),"Indra, Brahma",Friendliness,...,,Wotan,Poseidon [[Zeus]],Jupiter [[Libitina]],"God the Rain-Maker, God the Farmer's Friend",,Unicorn,"Olive, Shamrock [[Opium Poppy]]","Amethyst, Sapphire [[Lapis Lazuli]]","The Wand, Sceptre, or Crook",IHVH,Cedar,Opium,...,The Vision of Love,...,,"Tetrahedron or Pyramid, Cross",The Solid Figure,Obediance,Ⲏ,ⲏ,Heta,8,AE,ث,thä,500,[Ε],[ε],,Dropsy,,,,,,,,,,,,,,,,,,,,,,,,,,,,,,,,,,,,,,,,,,,,,,,,,,,מצפץ,Metzphutz,צדקיאל,Tzadqiel,שיננים,Shinanim,היכל אהבה,Hekel Ahbah,Palace of Love,ההיא,קרעשטן,Abraham,Six wings,מכון,Makhon,Emplacement,"Snow, rain, spirit of life, blessings",הויה,רוח,Ruach,The Intellect,צדקיאל,Tzadkiel,חשםלים,Chashmalim,Brilliant Ones,איןד,Right arm,אדמה,Adamah,Red Earth,אבדון,Abaddon,Perdition,,Lucifuge,יובב בצרה,Jobab of Bozrah,אהליבמה,Aholibamah,Fire,White,☾,Silver,Silver (Luna),אט,Worshipful Master,Aib,Lower Manas,Anahata,Heart,Silabata Paramesa,Clinging to rules and ritual,A mighty crowned and enthroned king.,7°=4□,Adeptus Exemptus,2nd Order,Hail and Fire,♂,Jahim,Pagans/Idolators,Dar as-Salaam,House of Rest or Peace Made of Rubies and Jacinths,ניתאל ננאאל,מומיה הייאל,כליאל לאויה,מנדאל הוקיה,♀ in ♈; Perfected Work (Completion),☽ in ♋; Blended Pleasure (Luxury),♃ in ♎; Rest from Strife (Truce),☉ in ♑; Earthly Power (Power),,,,,,,,,,,,,,,,,,,,,,,,,,,,,,,,,,,,,,,,,,,,,,,,,,,,,,,,,,,,,,,,,,,,,,,,,,,,,
5,גבורה,Geburah,Strength,,אלהים גבור,מאדים,Madim,Sphere of Mars,,גולחב,Golachab,Burners,,15,🜂,3rd Plane - Left Pillar,Radical Intelligence.,The 4 Fives,Orange,#FFA500,Scarlet red,#FF2400,Bright scarlet,#FF2400,Red flecked black,#8B0000,"Horus,Nephthys",Horus,The Arms (Neith),"Vishnu, Varruna-Avatar",Death,...,,Thor,"Ares, Hades",Mars,Christ coming to Judge the World,,Basilisk,"Oak, Nux Vomica, Nettle [[Hickory]]",Ruby,"The Sword, Spear, Scourge, or Chain",AGLA. ALHIM,Tobacco,"Nux Vomica, Nettle [[Cocaine, Atropine]]","Iron, Sulphur",The Vision of Power,...,,The Rose,The Tesseract,Energy,Ⲫ,ⲫ,Phi,500,Ph,خ,khā,600,[Φ],[φ],500,Fever,,,,,,,,,,,,,,,,,,,,,,,,,,,,,,,,,,,,,,,,,,,,,,,,,,,יהוד,Yehud,תרשיש,Tharshish,תרשישים,Tharshishim,היכל זכות,Hekel Zakoth,Palace of Merit,ההאי,כגריכש,Jacob,One : with two,מעון,Maon,Residence,Angels singing in Divine Presence,ההוי,רוח,Ruach,The Intellect,כמאל,Kamael,שרפים,Seraphim,Fiery Serpents,אידן,Left arm,גיא,Gia,Undulating Ground,בארשחת,Bar Shachath,Clay of Death,אשתרות,Ashtaroth,השם תימני,Husham of Temani,אלה,Elah,Height,Red,☉,Gold (Sol),Gold (Sol),יה,Senior Warden,Aib,Lower Manas,Anahata,Heart,Patigha,Hatred,"A mighty warrior in his chariot, armed and crowned.",6°=5□,Adeptus Major,2nd Order,Boils,♀,Sakar,Guebres,Jannat al-Maawa,Garden of Mansions Made of Yellow Copper,יליאל והואל,פהליה לוויח,חעמיה אניאל,פויאל מבהיה,♄ in ♌; Strife,♂ in ♏; Loss in Pleasure (Disappointment),♀ in ♒; Defeat,☿ in ♉; Material Trouble (Worry),,,,,,,,,,,,,,,,,,,,,,,,,,,,,,,,,,,,,,,,,,,,,,,,,,,,,,,,,,,,,,,,,,,,,,,,,,,,,
6,תפארת,Tiphareth,Beauty,,יהוה אלוה ודעת,שמש,Shemesh,Sphere of Sol,,תגרירון,Thagiriron,Disputers,,21,🜁,4th Plane - Middle Pillar,Intelligence of the Mediating Influence.,The 4 Sixes - Emperor or Princes,Clear pink rose,#FFE1FF,Yellow (gold),#FFD700,Rich salmon,#FF8C69,Gold amber,#FFC200,"Asar, Ra [[On, Hrumachis]]",Ra,The Breast (Mighty Terrible One),Vishu-Hari-Krischna-Rama,The Gods,Vishvarupa-darshana,,...,"Ikarus, Apollo, Adonis [[Dionysis, Bacchus]]","Apollo [[Bacchus, Aurora]]",God the Son (Maker of fine Weather),,"Phœnix, Lion, Child [[Spider, Pelican]]","Acacia, Bay, Laurel, Vine [[Oak, Gorse, Ash, Aswata]]","Topaz, Yellow Diamond",The Lamen or Rosy Cross,ABRAHADABRA. IAO: INRI,Olibanum,"Stramonium, Alcohol, Digitalis, Coffee",...,"The Vision of the Harmony of Things (also the Mysteries of the Crucifixion), [[Beatific Vision]]",Li,,"Calvary Cross, Truncated Pyramid, Cube",...,Devotion to Great Work,Ⲱ,ⲱ,O,800,oo (long O),د,dal,700,Ω,ω,800,Heart Lesions,,,,,,,,,,,,,,,,,,,,,,,,,,,,,,,,,,,,,,,,,,,,,,,,,,,יהוה,Yahweh,מתתרון,Metatron,חשמלים,Chashmalim,היכל רצון,Hekel Ratzon,Palace of Benevolence,האהי,במרצתג,Elijah,he covered his faces: with with two he covered,זבול,Zebul,Dwelling,"Altar, Mikhael offering souls of the just",ההיו,רוח,Ruach,The Intellect,רפאל,Raphael,םלכים,Malakim,Kings,דןיא,The whole body from the throat to the holy member,נשיה,Neshiah,Pasture,טיטהיון,Titahion,Pit of Destruction,חיוא,"Chiuah, Belphegor",הדד עוית,Hadad of Avith,פּינן,Pinon,Depth,White-Red,♂,Iron (Mars),Iron (Mars),אהיה,Junior Warden,Aib,Lower Manas,Anahata,Heart,Udakkha,Restlessness,"A majestic king, a child, a crucified god.",5°=6□,Adeptus Minor,2nd Order,Murrain,☉,Sa'ir,Sabians,Jannat al-Khuld,Garden of Eternity Made of Yellow Coral,עלמיה מיטאל,יייאל נלכאל,ייזאל רהעאל,יילאל נממיה,♃ in ♌; Victory,☉ in ♏; Pleasure,☿ in ♒; Earned Success (Science),☽ in ♉; Material Success (Success),,,,,,,,,,,,,,,,,,,,,,,,,,,,,,,,,,,,,,,,,,,,,,,,,,,,,,,,,,,,,,,,,,,,,,,,,,,,,
7,נצח,Netzach,Victory,,יהוה צבאות,נגה,Nogah,Sphere of Venus,,ערב זרק,A'arab Zaraq,Dispersing Ravens,,28,🜂,5th Plane - Right Pillar,Occult or Hidden Intelligence.,The 4 Sevens,Amber,#FFBF00,Emerald,#50C878,Bright yellow green Red-russet,Not a valid color description,Olive flecked gold,#808000,Hathoor,Hathoor,The Reins (Lords of Kereba) - The Hips and Legs (Nuit),"[[Bhavani, etc.]]",Analysis into 4 Elements,...,,Freya,"Aphrodite, Nike",Venus,"Messiah, Lord of Hosts",,"Lynx [[Raven, all carrion birds]]",Rose [[Laurel]],Emerald,The Lamp and Girdle,ARARITA,"Benzoin, Rose, Red Sandal","Damiana, Cannabis Indica [[Anhalonium]]",Arsenic,The Vision of Beauty Triumphant,...,,"A Rose (7x7), Candlestick",...,Unselfishness,Ⲉ,ⲉ,Ei,5,E,ض,dād,800,[Ε],[ε],,Skin Troubles,,,,,,,,,,,,,,,,,,,,,,,,,,,,,,,,,,,,,,,,,,,,,,,,,,,אלהים,Elohim,וסיאל,Usniel,מלכים,Malakim,היכל עצם שמים,Hekel Etzem Shamayim,Palace of the Substance of Heaven,האיה,הקממנע,Mosheh,his feet and,שחקים,Shechaqim,Clouds,Millstones where manna is just ground for future times,היהו,רוח,Ruach,The Intellect ,חאניאל,Haniel,אלהים,Elohim,Gods,דןאי,Right leg,ציה,Tziah,Sandy Earth,שערימות,Shaarimoth,Gates of Death,אשםדאי,Ashmedai,שנמלה משרקה,Samlah of Masrekah,קנז,Kenaz,East,Whitish-Red,♃,Tin (Jupiter),Mercury atop Venus,בח,Senior Deacon,Aib,Kama,Manipura,Solar Plexus,Mano,Pride,A beautiful naked woman.,4°=7□,Philosophus,,Flies,,Hutamah,Jews,Jannat al-Naim,Garden of Delights Made of White Diamond,ללהאל מהשיה,חהויה מלהסל,מיכאל הההאל,מצראל הרהאל,♂ in ♌; Valor,♀ in ♏; Illusionary Success (Debauch),☽ in ♒; Unstable Effort (Futility),♄ in ♉; Success Unfulfilled (Failure),,,,,,,,,,,,,,,,,,,,,,,,,,,,,,,,,,,,,,,,,,,,,,,,,,,,,,,,,,,,,,,,,,,,,,,,,,,,,
8,הוד,Hod,Splendour,,אלהים צבאות,כוכב,Kokeb,Sphere of Mercury,,סמאל,Samael,Deceivers,,36,🜄,5th Plane - Left Pillar,Absolute or Perfect Intelligence.,The 4 Eights,Violet purple,#A020F0,Orange,#FFA500,Very dark purple,#330066,Yellow-brown flecked white,#DAA520,Anubis,Thoth,The Reins (Lords of Kereba) - The Hips and Legs (Nuit),Hanuman,Dhamma,...,,"Odin, Loki",Hermes,Mercury,"God the Holy Ghost, God the Healer of Plagues",,"Hermaphrodite, Jackal [[Twin serpents, Monoceros de Astris]]","Moly, Anhalonium Lewinii","Opal, especially Fire Opal",The Names and Versicles and Apron,...,Storax,Anhalonium Lewinii [[Cannabis Indica]],Mercury,The Vision of Splendour [Ezekiel],...,,...,...,Truthfulness,Ϥ,ϥ,Fai,90,"f, v",ظ,za,900,,,,Nerve Troubles,,,,,,,,,,,,,,,,,,,,,,,,,,,,,,,,,,,,,,,,,,,,,,,,,,,מספץ,Metzphutz,הסניאל,Hisniel,בני אלהים,Beni Elohim,היךל גוןה,Hekel Gonah,Palace of Serenity,היאה,יגלפזק,Aaron,with two he was flying,רקיע,Raquia,Firmament,"Sol, Luna, planets, stars, and 10 spheres",הוהי,רוח,Ruach,The Intellect,מיכאל,Michael,בני אלהים,Beni Elohim,Sons of God,דיןא,Left leg,ארקא,Arqa,Earth,צלמות,Tzelmoth,Shadow of Death,בליאל,Belial,שאול רהבות,Saul of Rehoboth,תימן,Teman,West,Reddish-White,♀,Copper (Venus),Mercury atop Venus inverted,אלה,Junior Deacon,Aib,Prana,Svadistthana,Navel,Sakkya-ditti,Belief in a personality or soul,A hermaphrodite,3°=8□,Practicus,1st Order,Lice,,Laza,Christians,Jannat al-Firdaus,"Garden of Paradise, Made of Red Gold",האאיה נתהיה,ילהיה ווליה,יההאל ומבאל,כהיאל אכאיה,☿ in ♐; Swiftness,♄ in ♓; Abandoned Success (Indolence),♃ in ♊; Shortened Force (Interference),☉ in ♍; Prudence,,,,,,,,,,,,,,,,,,,,,,,,,,,,,,,,,,,,,,,,,,,,,,,,,,,,,,,,,,,,,,,,,,,,,,,,,,,,,
9,יסוד,Yesod,Foundation,,שדי אל חי,לבנה,Levanah,Sphere of Luna,,גמליאל,Gamaliel,Obscene Ones,,45,🜁,6th Plane - Middle Pillar,Pure or Clear Intelligence.,The 4 Nines,Indigo,#4B0082,Violet,#EE82EE,"As Queen scale, but flecked with gold",Not a valid color description,Citrine flecked azure,#E4D00A,"Shu [[Hermanubis, all exclusively phallic
Gods]]",Shu,The Phallus and Vulva. The Spine,"Ganesha, Vishnu (Kurm Avatar)",Sangha & The Body,...,,...,"Zeus (as Air), Diana of Epheus, Eros","Diana (as Water) [[Terminus, Jupiter]]",God the Holy Ghost (as Incubus),,"Elephant [[Tortoise, Toad]]","[Banyan], Mandrake, Damiana [[Ginseng, Yohimba]]",Quartz,"The Perfumes and Sandals, The Altar",ALIM,"Jasmine, Jinseng, all Odoriferous Roots",Orchid Root,Lead,The Vision of the Machinery of the Universe,...,,...,...,Independence,Ⲭ,ⲭ,Janja,,J,غ,ghain,1000,Χ,χ,600,Impotence,,,,,,,,,,,,,,,,,,,,,,,,,,,,,,,,,,,,,,,,,,,,,,,,,,,אל אדני,El Adonai,יהואל,Yehuel,ישים,Ishim,היכל לבנת הספיר,Hekel Lebanah ha-Saphir,Palace of Crystalline Whiteness,יאהה,שקי,Joseph,And one cried to the other and said:,תבל וילון שמים,Tebel Vilon Shamayim,Veil of the Vault of Heaven,"Has no use. Follow 390 heavens, 18,000 worlds, Earth, Eden, and Hell",והיה; ויהה,רוח,Ruach,The Intellect,גבריאל,Gabriel,ךרבים,Kerubim,Angels of the Elements,דיאן; דאןי,Sign of the holy covenant,תבל,Tebhel,Damp Earth,גיהנם,Gehinnom,Hell,לילית,Lilith,בעל הנן,Baal-Hannan,מבצר ומגדיאל,Mibzar and Magdiel,South ,White-red-whitish-red-reddish-white,☿,Mercury (Mercury),Mercury,מה,Inner Guard,Hati,Linga Sharira,Muladhara,(Lingam/Anus),Kama,Bodily desire,"A beautiful naked man, very strong.",2°=0□,Theoricus,1st Order,Frogs,,Jehannam,Moslems,Jannat al-'and,"Garden of Eden, Everlasting Abode, Made of Red Pearls or Pure Musk",שאהיה ירתאל,עריאל סאליה,מהיאל ענואל,אלדיה הזיאל,☽ in ♐; Great Strength (Strength),♃ in ♓; Material Happiness (Happiness),♂ in ♊; Despair and Cruelty (Cruelty),♀ in ♍; Material Gain (Gain),,,,,,,,,,,,,,,,,,,,,,,,,,,,,,,,,,,,,,,,,,,,,,,,,,,,,,,,,,,,,,,,,,,,,,,,,,,,,
10,מלכות,Malkuth,Kingdom,,אדני מלך,הלם יסודות,H'Olam Yesodoth,Sphere of the Elements,,לילית,Lilith,The Evil Woman or (simply) The Woman,,55,🜃,7th Plane - Middle Pillar,Resplendent Intelligence.,The 4 Tens - Empresses or Princesses,Yellow,#FFFF00,Citrine,#E4D00A,Blue emerald green Grey,#669999,Black rayed yellow,#F8D568,"Seb. Lower (i.e. unwedded) Isis and Neph-
thys. [[Sphinx as synthesis of Elements]]",Osiris,The Buttocks and Anus (Eye of Hoor),Lakshmi [Kundalini],Sangha & The Body,"Vision of the “Higher Self,” the various Dhyanas or Jhanas",,...,"Persephone, Adonis, Psyche",Ceres,"Ecclesia Xsti, the Virgin Mary",,Sphinx,"Willow, Lily, Ivy [[Pomegranate, all cereals]]",Rock Crystal,The Magical Circle and Triangle,VITRIOL,Dittany of Crete,Corn,Mag. Sulph.,The Vision of the Holy Guardian Angel or of Adonai,Khan,,"Altar (Double Cube), Calvary Cross",...,Scepticism,Ⲥ,ⲥ,Semma,200,S,غ,ghain,,Ϡ,ϡ,900,Sterility,,,,,,,,,,,,,,,,,,,,,,,,,,,,,,,,,,,,,,,,,,,,,,,,,,,אל אדני,El Adonai,מיכאל,Michael,אראלים,Aralim,היכל לבנת הספיר,Hekel Lebanah ha-Saphir,Palace of Crystalline Whiteness,יההא,עית,"David, Elisha","Holy, holy, holy, Lord of Hosts, the whole earth is full of his glory",תבל וילון שמים,Tebel Vilon Shamayim,Veil of the Vault of Heaven,"Has no use. Follow 390 heavens, 18,000 worlds, Earth, Eden, and Hell",ויהה; וההי,נפש,Nephesh,"The Animal Soul, which perceives and feeds",סנדלפון,Sandalphon,אשים,Ashim,Flames,דאןי דאין,Crown which is in Yesod,חלד,Cheled,Mud,גיהנם,Gehinnom,Hell,געםה,,הדר פּעו,Hadar of Pau,עירם,Eram,North,The Light Reflecting All Colors,🜒,Mercurius Philosophorum,Medicina Metallorum,נה,Tyler and Candidate,"Kheibt,Khat, Tet, Sahu",Sthula Sharira,,,Avigga,Ignorance,"A young woman, crowned and veiled.",1°=10□ / 0°=0□,Zelator/Neophyte,1st Order ,Water turned to Blood,,Jehannam,Moslems,Jannat al-Karar,"Garden of Eden, Everlasting Abode, Made of Red Pearls or Pure Musk",אומאל רייאל,מיהאל עשליה,מנקאל דמביה,ההעיה לאויה,♄ in ♐; Oppression.,♂ in ♓; Perfected Success (Satiety),☉ in ♊; Ruin ,☿ in ♍; Wealth,,,,,,,,,,,,,,,,,,,,,,,,,,,,,,,,,,,,,,,,,,,,,,,,,,,,,,,,,,,,,,,,,,,,,,,,,,,,,
11,אלף,Aleph,Ox,,יהוה,רוח,Ruach,🜁,Air,,,,,66,Hot & Moist 🜁,1 to 2,Scintillating Intelligence.,The Fool - Swords - Emperors of Princes,Bright pale yellow,#FFFF9D,Sky blue,#87CEEB,Cold pale blue,#AECBF0,Emerald flecked gold,#50C878,Nu [[Hoor-pa-kraat as ATU 0]],Mout,The Breast (Mighty Terrible One),The Maruts [Vayu],Wind,Vaya-Bhawana,,Valkyries,Zeus,"Jupiter [[Juno, Æolus]]",Matthew,,"Eagle, Man (Cherub of D) [[Ox]] ",Aspen,Topaz,The Dagger or Fan,...,Galbanum,Peppermint,...,Divination,Sun,,...,Those of 🜁 Triplicity,Noscere,Ⲁ,ⲁ,Alpha,1,A,ا,alif,1,Α,α,1,Fluxes,ו,"Air, Smell",הדקל,Hiddekel,מזרח,Mezrach,East,Tahoeloj,רפאל,Raphael,אריאל,Arial,חסן,Chassan,Paralda,יץירה,Yetzirah,Formative World,םה,Mah,45,יוד הא ואו הא,רוח,Ruach,Oriens,☿,Left Upper Point,"The Prince of the Chariot of Fire. Rules 20° ♋ to 20° Virgo, including most of ♌ Minor.",The Prince of the Chariot of the Waters. 20° ♎ to 20° ♏,The Prince of the Chariot of Air. 20° ♑ to 20° ♒,The Prince of the Chariot of Earth. 20° ♈ to 20° ♉,Vayu,Blue Circle,sankhāra,Mental-formation; tendency,Breath,Sorrow is caused by attachment,Speaking,Thought,,,,,,,,,,,,,,,,,,,,,,,,,,,,,,,,,,,,,,,,,,,,,,,,,,,,,,,,,,,,,,,,,,,,,,,,,,,,,,,,,,,,,,,,,,,,,,,,,,,,,,,,,,,,,,,,,,,,,,,,,,,,,,,,,,,,,,,,,,,,,,,,,,,,,,א,"1, 1000",Air,,,0,The Spirit of Αιθηρ,A bearded ancient seen in profile,Respiratory Organs,Sylphs
12,בית,Beth,House,,אזבוגה (8),כוכב,Kokeb,☿,Mercury,,,,,78,...,1 to 3,Intelligence of Transparency,The Juggler,Yellow,#FFFF00,Purple,#800080,Early spring green,#00FF7F,Indigo rayed violet,#8A2BE2,Thoth and Cynocephalus,Thoth,The Lips (Anpu),"Hanuman, Vishnu (Parasa-Rama)",Yellow,...,,...,Hermes,Mercury,Sardis,,"Swallow, Ibis, Ape [[Twin Serpents, fish, hybrids]]","Vervain, Herb Mercury, Major-lane, Palm [[Lime or Linden]]","Opal, Agate",The Wand or Caduceus,...,"Mastic, White Sandal [[Nutmeg]], Mace, Storax, all Fugitive Odors",All cerebral excitants,Mercury,"Miracles of Healing, Gift of Tongues, Knowledge of Sciences",Sun,,Calvary Cross ,Octagram,"Falsehood, Dishonesty (Envy)",Ⲃ,ⲃ,Beta,2,B,ب,bä,2,Β,β,2,Ataxia,,,,,,,,,,,,,,,,,,,,,,,,,,,,,,,,,,,,,,,,Mercury,8,תיריאל,Tiriel,תפתרתרת,Taphthartharath,Ophiel,Mercury,Samma Vaca,Right Speech,Left Lower Point,,,,,,,,,,,,,,,,,,,,,,,,,,,,,,,,,,,,,,,,,,,,,,,,,,,,,,,,,,,,,,,,,,,,,,,,,,,,,,,,,,,,,,,,,,,,,,,,,,,,,,,,,,,,,,,,,,,,,,,,,,,,,,,,,,,,,,,,,,,ב,2,Mercury,רפאל,Raphael,1,The Magus of Power,"A fair youth with winged helment and heels, 13 equipped as a Magician, displays his art",Cerebral and Nervous System,"""Voices"", Witches and Wizards"
13,גמל,Gimel,Camel,,רה (9) אלים (81),לבנה,Levanah,☽ ,Luna,,,,,91,...,1 to 6,Uniting Intelligence,The High Priestess,Blue,#0000FF,Silver,#C0C0C0,Brilliant flame,#E25822,Silver rayed sky-blue,#A6CAF0,Chomse,Chomse,The Left Eye (Hathor),Chandra (as Water),Loathsomeness of Good,Vision of Chandra,,...,"Artemis, Hekate","Diana (as Water) [[Terminus, Jupiter]]",Laodicea,,"Dog [[Stork, Camel]]","Almond, Mugwort, Hazel (as =), Moonwort, Ranunculus [[Alder, Pomegranate]]","Moonstone, Pearl, Crystal",Bow and Arrow,ALIM,"Menstrual Blood, Camphor, Aloes, all Sweet Virginal Odours","Jupiter, Pennyroyal, & all emmenogogues",...,"The White Tincture, Clairvoyance, Divination by Dreams",Kan and Khwan,,"Greek Cross (Plane), Table of Shew-bread",Enneagram,Contentment (Idlness),Ⲅ,ⲅ,Gamma,3,G,ج,jim,3,Γ,γ,3,Menstrual Disorders,,,,,,,,,,,,,,,,,,,,,,,,,,,,,,,,,,,,,,,,Luna,9,מלכא בתרשישים ועד ברוה שהקים,Malkah Be Tarshishim v'A'ad b'Ruach Shehaqim,חשמודאי,Chasmodai,Phul,Silver,Samma Sankappo,Right Aspiration,Bottom Point,,,,,,,,,,,,,,,,,,,,,,,,,,,,,,,,,,,,,,,,,,,,,,,,,,,,,,,,,,,,,,,,,,,,,,,,,,,,,,,,,,,,,,,,,,,,,,,,,,,,,,,,,,,,,,,,,,,,,,,,,,,,,,,,,,,,,,,,,,,ג,3,Luna,גבריאל,Gabriel,2,The Priestess of the Silver Star,A crowned priestess sits before the veil of Isis between the Pillars of Seth,Lymphatic System,"Lemures, Ghosts"
14,דלת,Daleth,Door,,אהא (7),נגה,Nogah,♀,Venus,,,,,105,...,2 to 3,Illuminating Intelligence.,The Empress,Emerald green,#00C957,Sky blue,#87CEEB,Deep warm olive,#58423F,Bright rose of cerise rayed pale yellow,#FF69B4,Hathor,Hathoor,The Left Nostril (Khenti-Khas),Lalita (sexual aspect of Sakti),Dark Blue,Success in Bhaktioga,,Freya,Aphrodite,Venus,Thyatira,,"Sparrow, Dove [[Swan, Sow, birds generally]]","Myrtle, Rose, Clover [[Fig, Peach, Apple]]","Emerald, Turquoise",The Girdle,ΑΓΑΠΗ,"Sandalwood, Myrtle, all Soft Voluptuous Odours",All aphrodisiacs,...,Love-philtres,Tui,,...,Heptagram,Unchastity (Lust),Ⲇ,ⲇ,Dalda,4,D,د,dāl,4,Δ,δ,4,"Syphilis, Gonorrhea",,,,,,,,,,,,,,,,,,,,,,,,,,,,,,,,,,,,,,,,Venus,7,הגיאל,Hagiel,קדמאל,Qedemel,Hagith,Copper,Samma Kammanto,Right Conduct,Right Lower Point,,,,,,,,,,,,,,,,,,,,,,,,,,,,,,,,,,,,,,,,,,,,,,,,,,,,,,,,,,,,,,,,,,,,,,,,,,,,,,,,,,,,,,,,,,,,,,,,,,,,,,,,,,,,,,,,,,,,,,,,,,,,,,,,,,,,,,,,,,,ד,4,Venus,אנאל,Anael,3,The Daughter of the Mighty Ones,"Crowned with stars, a winged goddess stands upon the moon",Genital System,Succubi
15,הה,Heh,Window,,,תלה,Teleh,♈,Aries,בעירירון,Ba'airiron,The flock,,120,☉ - 🜂 - ♃,2 to 6,Constituting Intelligence.,The Emperor,Scarlet,#FF2400,Red,#FF0000,New yellow leather,Not a valid color description,Glowing red,#FF4500,Men Thu,Isis,...,"Shiva, Vishnu, Akasa, Lingam",Bloody Corpse,...,,...,Athena,"Mars, Minerva",The Disciples (but too indefinite),,"Ram, Owl","Tiger Lily, Geranium [[Olive]]",Ruby,"The Horns, Energy, the Burin",...,Dragon's Blood,All cerebral excitants,...,Power of Consecrating Things,...,,...,Peur*,...,Ϩ,ϩ,Hori,,H,ه,hā,5,Ε,ε,5,Apoplex,,,,,,,,,,,,,,,,,,,,,,,,,,,,,,,,,,,,,,,,,,,,,,,,,,,,,,,,,,,,,,,,,,,,,,,,,,,,,,,,,,,,,,,,,,,,,,,,,,,,,,,,,,,,,,,,,,,,,,,,,,♈,Aries,♂,Sol,♇,Pluto,יהוה,גד,Gad,איאל,Ayel,שרהיאל,Sharhiel,סטרעתן,Sateraton,ספעטאוי,Sapatavi,זזר,Zazer,בההמי,Behahemi,סטנדר,Satonder,"A tall, dark, restless man, with keen flame coloured eyes, bearing a sword.","A green-clad woman, with one left bare from the ankle to the knee.","A restless man in scarlet robes, with golden bracelets on his hands and arms",Myrtle,Stammonia,Black Pepper,באל,Bael,1,Sol,"Cat, toad, man, or all at once.",אגאר,Agares,2,Venus,"Old man, riding a crocodile and carrying a goshawk.",ושאגו,Vassago,3,Jupiter,Like Agares,פאנץ,Phenex,37,Luna,Child-voiced Phoenix.,האלף,Halphas,38,Mars,Stock-dove with sore throat.,מאלף,Malphas,39,Mercury,Crow with sore throat.,Aroueris,Assicean,Anubis,Lencher,Horus,Asentacer,"Papus, Sinbuck, Rasphuia, Zahun, Heiglot, Mizkun, Haven","Sharatan (Ram s head), Butayn (Ram s belly), and 0°-10° Suraya (the Pleiades)",ה,5,Aries,מלכידאל,Melchiadel,4,"The Son of the Morning, Chief among the Mighty",A flame-clad god bearing equivalent symbols,Head and Face,"Mania, Erinyes [Euminides]"
16,וו,Vav,Nail,,,שור,Shar,♉,Taurus,אדימירון,Adimiron,Bloody,,136,♀ - 🜃 - ☽,2 to 4,Triumphal or Eternal One.,The Hierophant,Red orange,#FF4500,Deep indigo,#4B0082,Rich bright russet,#D93C30,Rich brown,#964B00,"Asar,Ameshet,Apis",Osiris,The Shoulders (Ba-Neb-Tattu),Shiva (Sacred Bull),Beaten and Scattered Corpse,"Success in Hathayoga, Asana
and Prana-yama",,...,Here,Venus [[Hymen]],...,,Bull (Cherub of E) [[all beasts of Burden]] ,Mallow [[all giant trees]],Topaz,The Labour of Preparation [[The Throne and Altar]],...,Storax,Sugar,...,The Secret of Physical Strength,...,,...,Amission*,...,Ⲩ,ⲩ,He,400,U,و,wāw,6,Ϝ,ϝ,6,Indigestion,,,,,,,,,,,,,,,,,,,,,,,,,,,,,,,,,,,,,,,,,,,,,,,,,,,,,,,,,,,,,,,,,,,,,,,,,,,,,,,,,,,,,,,,,,,,,,,,,,,,,,,,,,,,,,,,,,,,,,,,,,♉,Taurus,♀,Luna,♅,Uranus,יההו,אפראים,Ephraim,טואל,Toel,ארזיאל,Araziel,ראיאל,Rayel,טוטת,Totath,כדמדי,Kadamidi,מנחרני,Minacharai,יכסגנוץ,Yakasaganotz,"A woman with long and beautiful hair, clad in flame-coloured robes","A man of like figure (to the ascendant), with cloven hoofs like an ox.","A swarthy man with white lashes, his body elephantine with long legs; with him, a horse, a stag, and a calf",Costum,Codamorns,Cassia,גמיגין,Gamigina,4,Luna,Little horse or ass.,מארב,Marbas,5,Mercury,Great Lion.,ואלפר,Valefor,6,Venus,"Lion with ass's head, bellowing",ראום,Raum,40,Mars,Crow.,פוכלור,Focalor,41,Venus,Man with gryphons wings.,ופאר,Vepar,42,Venus,Mermaid.,Serapis,Asicath,Helitomenos,Virvaso,Apophis,Aharph,"Sisera, Torvatus, Nitibus, Hizarbin, Sachluph, Baglis, Laberzerin","10°-30° Suraya. Dabaran (Alldeboran), and 0°-20° Hakah (three stars in head of Orion)",ו,6,Taurus,אסמודאל,Asmodel,5,The Magus of the Eternal,Between the Pillars sits an ancient,Shoulders and Arms,"Gorgons, Minotaurs"
17,זין,Zayin,Sword,,,תאונים,Teonim,♊,Gemini,צללימירון,Tzalalimiron,Clangers,,153,♄ - 🜁 - ☿,3 to 6,Disposing One.,The Lovers,Orange,#FFA500,Pale Mauve,#FBAED2,Grey Green grey,Not a valid color description,Reddish grey inclined to mauve,#9B6E8A,"Twin Deities, Rekht, Merti [[Heru-Ra-Ha]]",The twin Merti ,...,Various twin and hybrid Deities,White,...,,...,"Castor and Pollux, Apollo the Diviner, Eros","Castor and Pollux, [Janus] [[Hymen]]",...,,"Magpie, hybrids [[Parrot, Zebra, Penguin]]","Hybrids, Orchids","Alexandrite, Tourmaline, Iceland Spar",The Tripod,...,Wormwood,Ergot and ecbolics,...,"Power of being in two or more places at one time, and of Prophecy",...,,Swastika,Albus*,...,Ⲍ,ⲍ,Zeta,7,Z,ز,zā,7,Ζ,ζ,7,"Phthysis, Pneumonia",,,,,,,,,,,,,,,,,,,,,,,,,,,,,,,,,,,,,,,,,,,,,,,,,,,,,,,,,,,,,,,,,,,,,,,,,,,,,,,,,,,,,,,,,,,,,,,,,,,,,,,,,,,,,,,,,,,,,,,,,,♊,Gemini,☿,Caput Draconis,♆,Neptune,יוהה,מנשה,Manasseh,גיאל,Giel,סראיאל,Sarayel,סערש,Sarash,עגנרמען,Ogameron,סגרש,Sagarash,שהדני,Shehadani,ביתון,Bethon,A beautiful woman with her two horses,"An eagle-headed man, with a bow and arrow. Wears crowned steel helmet.","A man in mail, armoured with bow, arrows, and quiver",Mastick,Cinnamon,Cypress,אמון,Amon,7,Luna,(1) Wolf with serpent s tail. (2) Man with dogs teeth and ravens head.,ברבטוש,Barbatos,8,Venus,Accompanied by 4 noble kings and great troops.,פאימון,Paimon,9,Sol,"Crowned king on dromedary, accompanied by many musicians.",שבנוך,Sabnock,43,Luna,Solider with Lion's head rides a pale horse.,שץ,Shax,44,Luna,Stock-dove with sore throat.,וינא,Vine,45,Venus/Sol,Lion on black horse carrying viper.,Taautus,Thesogar,Cyclops,Verasua,Titan,Tepistosoa,"Hahabi, Phlogabitus, Eirneus, Mascarun, Zarobi, Butatar, Cahor","20°-30° Hak ah, Han ah (stars in Orion s shoulder), and Zira a (two stars above Gemini)",ז,7,Gemini,אםבריאל,Ambriel,6,The Children of the Voice: The Oracle of the Mighty Gods,"A prophet, young, and in the Sign of Osiris Risen",Lungs,"Ominous Appearances, Banshees"
18,חית,Cheth,Fence,,,סרטן,Sarton,♋,Cancer,שיחרירון,Shichiriron,Black,,171,♂ - 🜁,3 to 5,Intelligence of the House of Influence.,The Chariot,Amber,#FFBF00,Maroon,#800000,Rich purple,#A040A0,Dark greenish brown,#3C241B,Khephra,Hormakhu,...,[[Krishna]],Worm-eaten Corpse,...,,...,Apollo The Charioteer,Mercury [[Lares and Penates]],...,,"Crab, Turtle, Sphinx [[Whale, all beasts of Transport]]",Lotus,Amber,The Furnace [[The Cup or Holy Graal]],ABRAHADABRA,Onycha,Watercress,...,Power of Casting Enchantments,...,,...,Populus and Via*,...,Ϧ,ϧ,Khei,600,Ch,ح,hā,8,Η,η,8,Rheumatism,,,,,,,,,,,,,,,,,,,,,,,,,,,,,,,,,,,,,,,,,,,,,,,,,,,,,,,,,,,,,,,,,,,,,,,,,,,,,,,,,,,,,,,,,,,,,,,,,,,,,,,,,,,,,,,,,,,,,,,,,,♋,Cancer,☽,Jupiter,♇,Pluto,הוהי,יששכר,Issachar,כעאל,Kael,פכיאל,Pakiel,רעדר,Raadar,עכאל,Akel,מתראוש,Mathravash,רהדץ,Rahadetz,אלינכיר,Alinkir,"A man with distorted face and hards, a horses body, white feet, and a girdle of leaves",A beautiful woman wreathed with myrtle. She holds a lyre and sings of love and gladness.,"A swift-footed person, with a viper in his hand, leading dogs",Camphor,Succum,Anise,בואר,Buer,10,Mercury,Probably a centaur or archer.,גוסיון,Gusion,11,Venus,"""Like a Xenopilus""",שיטרי,Sitri,12,Jupiter,Leopard's head and gryphon's wings.,ביפרו,Bifrons,46,Mars,Monster.,אואל,Uvall,47,Venus,Dromedary.,העגגת,Haagenti,48,Mercury,Bull with gryphon's wings,Apoltun,Sothis,Hecate,Syth,Mercophta,Thuismis,"Phalgus, Thagrinus, Eistibus, Pharzuph, Sislau, Schiekron, Aclahayr","Nasrah (Lion s nose), Tarf (Lion s eye) and 0°-10° Jabhah (Lion s forehead)",ח,8,Cancer,מוריאל,Muriel,7,The Child of the Powers of the Waters: The Lord of the Triumph of Light,A young and holy king under the starry canopy,Stomach,Vampires
19,טית,Teth,Serpent,,,אריה,Ari,♌,Leo,שלהבירון,Shalehbiron,Flaming,,190,☉ - 🜂 - ♃,4 to 5,Intelligence of all the Activities of the Spiritual Being,Strength,"Yellow, greenish",#ADFF2F,Deep purple,#9932CC,Deep blue-green,#006994,Reddish amber,#FF4500,"Ra-Hoor-Khuit,Pasht,Sekhet,Mau",Horus,The Breast (Mighty Terrible One),Vishnu (Nara-Singh Avatar),Gnawed by Wild Beasts Corpse,...,,...,Demeter,Venus (Repressing Fire of Vulcan),...,,"Lion (Cherub of B) [[Cat, Tiger, Serpent, Woman]]",Sunflower,Cat's Eye,The Discipline (Preliminary) [[Phoenix Wand]],ΤΟ ΜΕΓΑ ΘΗΡΙΟΝ,Olibanum,All carminatives and tonics,...,Power of Training Wild Beasts,...,,...,Fortuna Major and Fortuna Minor*,...,Ⲑ,ⲑ,Theta,9,Th,ط,tā,9,Θ,θ,9,"Syncope, etc. Heart",,,,,,,,,,,,,,,,,,,,,,,,,,,,,,,,,,,,,,,,,,,,,,,,,,,,,,,,,,,,,,,,,,,,,,,,,,,,,,,,,,,,,,,,,,,,,,,,,,,,,,,,,,,,,,,,,,,,,,,,,,♌,Leo,☉,Uranus,♅,Uranus,הויה,יהודה,Judah,עואל,Oel,שרטיאל,Sharatiel,סנהם,Sanahem,זלברהית,Zalberhith,לוסנהר,Losanahar,זחעי,Zachi,סהיבר,Sahiber,"A man in sordid raiment, with him a nobleman on horseback, accompanied by bears and dogs","A man crowned with a white myrtle wreath, holding a bow","A swarthy hairy man, with a drawn sword and shield",Olibanum,Lyn Balsami,Muces Muscator,בלאת,Beleth,13,Sol,"Rider on pale horse, with many musicians. [Flaming and poisonous breath]",לראיך,Lerakhka,14,Luna,An archer in green.,אליגוש,Eligos,15,Venus,"A knight with lance and banner, with a serpent.",שרושל,Crocell,49,Venus,Angel.,פוך,Furcas,50,Saturn,"Cruel ancient, with long white hair and beard, rides a pale horse, with sharp weapons.",בעלם,Balam,51,Sol,"3heads (bull, man, ram), snakes tail, flaming eyes. Rides bear, carries goshawk.",Typhon,Aphruimis,Perseus,Sitlacer,Neththe,Phuonidie,"Zeirna, Tablibik, Tacritau, Suphlatus, Sair, Barcus, Camaysar","10°-30° Jabhah, Zubrah (Lion s mane), and 0°-20° Sarfah (Cor Leonis)",ט,9,Leo,ורכיאל,Verachiel,11,The Daughter of the Flaming Sword,A smiling woman holds the open jaws of a fierce and powerful lion,Heart,"Horror, Dragons"
20,יוד,Yod,Hand,,,בתולה,Betulah,♍,Virgo,ץפּרירון,Tzaphiriron,Scratchers,,210,♀ - 🜃 - ☽,4 to 6,Intelligence of Will,Hermit,"Green, yellowish",#ADFF2F,Slate grey,#708090,Deep olive-green,#556B2F,Plum colour,#DDA0DD,Isis (as Virgin),Heru-pa-Kraath,...,"The Hpo girls, the Lord of Yoga",Bloated Corpse,...,,...,Attis,"[Attis], Ceres, Adonis [[Vesta, Flora]]",...,,"Virgin, Anchorite, any solitary person or animal [[Rhinoceros]]","Snowdrop, Lily, Narcissus [[Mistletoe]]",Peridot,"The Lamp and Wand (Virile Force reserved), the Bread [[Lotus Wand]]",...,Narcissus,All anaphrodisiacs,...,"Invisibility, Parthenogenesis, Initiation (?)",...,,...,Conjunctio *,...,Ⲓ,ⲓ,Yota,10,"I,y,ee",ي,yā,10,Ι,ι,10,"Spinal weakness, Paralysis",,,,,,,,,,,,,,,,,,,,,,,,,,,,,,,,,,,,,,,,,,,,,,,,,,,,,,,,,,,,,,,,,,,,,,,,,,,,,,,,,,,,,,,,,,,,,,,,,,,,,,,,,,,,,,,,,,,,,,,,,,♍,Virgo,☿,Mercury,♆,Neptune,ההוי,נפתלי,Naphthali,ויאל,Veyel,שלתיאל,Shelathiel,לסלרא,Laslara,ססיא,Sasia,אננאורה,Ananaurah,ראידיה,Raydyah,משפר,Mishpar,"A virgin clad in linen, with an apple or pome granate","Tall, fair, large man, with him a woman holding a large black oil jar",An old man leaning on a staff and wrapped in a mantle,Santal Flav,Srorus,Mastick,זאפר,Zepar,16,,A soldier in red apparel and armour.,בוטיש,Botis,17,Mars/Mercury,"Viper (or) Human, with teeth and 2 horns, and with a sword.",באתין,Bathin,18,Venus,"A strong man with a serpent's tail, on a pale horse.",אלוך,Alloces,52,Venus,Soldier with red leonine face and flaming eyes; rides great horse.,שאין,Camio,53,Mercury,(1) Thrush. (2) Man with sharp sword seemeth to answer in burning ashes or coals of fire.,מורם,Murmur,54,Venus/Mars,Warrior with ducal crown rides gryphon. Trumpeters.,Isis,Thumis,Pi-Osiris,Thoptius,Panotragus,Aphut,"Tabris, Susabo, Eirnils, Nitika, Haatan, Hatiphas, Zaren","20°-30° Sarfah, Awwa (the Dog, two stars in f), and Simak (Spica Virginis)",י,10,Virgo,המליאל,Hamaliel,9,The Prophet of the Eternal; The Magus of the Voice of Power,"Wrapped in a cloak and cowl, an ancient walketh bearing a lamp and staff",The Back,"Mermaids (and Gemini, its Zodiacal Opposite), Banshees"
21,כף,Kaph,Palm,,אבא (4) אל אב (34),צדק,Tzedeq,♃,Jupiter,,,,,231,...,4 to 7,Intelligence of Conciliation.,Wheel of Fortune,Violet,#EE82EE,Blue,#0000FF,Very dark brown,#321414,Bright blue rayed yellow,#00FFFF,Amoun-Ra,Amoun-Ra,The Left Ear (Aput),"Brahma, Indra",Liberality,...,,...,Zeus,"Jupiter, [Pluto]",Philadelphia,,Eagle [[Praying Mantis]],"Hyssop, Oak, Poplar, Fig [[Arnica, Cedar]]","Amethyst, Lapis Lazuli",The Sceptre,...,Saffron,Cocaine,...,Power of Acquiring Political and other Ascendency,Li,,...,Square and Rhombus,"Bigostry , Hypocrisy",Ⲕ,ⲕ,Kappa,20,K,ك,käf,20,Κ,κ,20,Gout,,,,,,,,,,,,,,,,,,,,,,,,,,,,,,,,,,,,,,,,Jupiter,4,יופיל,Yophiel,הסמאל,Hismael,Bethor,Tin,Samma Ajivo,Right Discipline,Right Upper Point,,,,,,,,,,,,,,,,,,,,,,,,,,,,,,,,,,,,,,,,,,,,,,,,,,,,,,,,,,,,,,,,,,,,,,,,,,,,,,,,,,,,,,,,,,,,,,,,,,,,,,,,Venus,,,,,Mars/Mercury,,,,,,,,,,,,,,,,,,,,,,,,,,,,,,"כ, ך","20, 500",Jupiter,סחיאל,Sachiel,10,The Lord of the Forces of Life,"A wheel of six shafts, whereon revolve the triad of Hermanubis, Sphinx, and Typhon",Digestive System,"Incubi, Nightmares"
22,למד,Lamed,Ox Goad,,,מאזנים,Moznaim,♎,Libra,עבירירון,A'abiririon,Clayey,,253,♄ - 🜁 - ♀,5 to 6,Faithful Intelligence,Justice,Emerald green,#00C957,Blue,#0000FF,Green,#008000,Pale green,#98FB98,Ma,Maat,...,Yama,Hacked in Pieces Corpse,...,,...,"Themis, Minos, Aecus and Rhadamanthus","Vulcan [[Venus, Nemesis]]",...,,Elephant [[Spider]],Aloe,Emerald,The Cross of Equilibrium,...,Galbanum,Tobacco,...,Works of Justice and Equilibrium,...,,"Greek Cross Solid, the Rose (3+7+12)",Puella,...,Ⲗ,ⲗ,Lauda,30,L,ل,läm,30,Λ,λ,30,Kidney disorders,,,,,,,,,,,,,,,,,,,,,,,,,,,,,,,,,,,,,,,,,,,,,,,,,,,,,,,,,,,,,,,,,,,,,,,,,,,,,,,,,,,,,,,,,,,,,,,,,,,,,,,,,,,,,,,,,,,,,,,,,,♎,Libra,♀,Saturn,♇,Pluto,והיה,אשר,Asher,יהאל,Yahel,חדקיאל,Chedeqiel,תרגבון,Theregebon,אחודראון,Achodraon,טרסני,Tarasni,סהרנץ,Saharnatz,שחדר,Shachdar,"A dark man, in his right hand a spear and laurel branch and in his left a book","A man, dark, yet delicious of countenance","A man riding on an ass, preceded by a wolf",Galbanum,Bofor,Mortum,שאלוש,Sallos,19,,Solider with ducal crown riding a crocodile.,פורשון,Purson,20,Sol,"Lion-faced man riding a bear, carrying a viper. Trumpeter with him.",מאראץ,Marax,21,Mars/Mercury,Human-faced bull.,אוראוב,Orobas,55,Jupiter,Horse.,גםור,Gamori,56,Venus,"Beautiful woman, with duchess crown tied to her waist, riding great camel.",ושו,Oso,57,Mercury,Leopard,Zeuda,Serucuth,Omphta,Aterechinis,Ophionius,Arepien,"Sialul, Sabrus, Librabis, Mizgitari, Causub, Salilus, Jazar","Gafar (φ, ι, and κ in foot of Virgo), Zubáni (horns of Scorpio), and 0°-10° Iklil (the Crown)",ל,30,Libra,זוריאל,Zuriel,8,The Daughter of the Lords of Truth; The Ruler of Balance,A conventional figure of Justice with scales and balances,Liver,"Fairies, Harpies"
23,מים,Mem,Water,,אל,מים,Mayim,🜄,Water,,,,,276,Cold & Moist 🜄,5 to 8,Stable Intelligence,The Hanged Man - Cups - Queens,Deep blue,#00008B,Sea-green,#2E8B57,Blue black,#000080,White flecked purple,#E6E6FA,"Tum, Ptah, Auramoth (as Water), Asar (as Hanged Man), Hekar, Isis [[Hathor]",Ⲓⲋⲅⳋⲟⲩⲣⲉⲑ,The Belly and Back (Sekhet),Soma [Apas],Water,Apo-Bhawana,,...,Poseidon,Neptune [[Rhea]],"John, Jesus as Hanged Man",,Eagle-Snake-Scorpion (Cherub of Water),"Lotus, all Water Plants",Beryl or Aquamarine,"The Cup and Cross of Suffering, the Wine [[Water of Lustration]]",...,"Onycha, Myrrh","Caseara, all purges",Sulphates,"The Great Work, Talismans, Crystal-gazing, & c.",Tui,,...,Those of 🜄y Triplicity,Audere,Ⲙ,ⲙ,Me,40,M,م,mīm,40,Μ,μ,40,Chill,,,,,,,,,,,,,,,,,,,,,,,,,,,,,,,,,,,,,,,,,,,,,,,,,,,,,,,,,,,,,,,,,,,,,,,,,,,,,,,,,,,,,,,,,,,,,,,,,,,,,,,,,,,,,,,,,,,,,,,,,,,,,,,,,,,,,,,,,,,,,,,,,,,,,,,,,,Venus,,,,,Venus,,,,,,,,,,,,,,,,,,,,,,,,,,,,,,"מ, ם","40, 600",Water,,,12,The Spirit of the Mighty Waters,The figure of a hanged or crucified man,Organs of Nutrition,"Nymphs and Undines, Nereids, etc."
24,נון,Nun,Fish,,,אקרב,Akrab,♏,Scorpio,נחשתירון,Necheshthiron,Brazen,,300,♂ - 🜄,6 to 7,Imaginative Intelligence,Death,Green blue,#006400,Dull brown,#964B00,Venetian red,#C80815,Livid indigo brown (like a black beetle),#565051,"Merti goddesses, Typhon, Apep, Khephra",Hammemit,The Belly and Back (Sekhet),Kundalini [Yama]],Skeleton Corpse,...,,...,"Ares [[Apollo the Pythean, Thanatos]]",Mars [[Mors]],...,,"Scorpio, Beetle, Crayfish or Lobster, Wolf [[all Reptiles, Shark, Crablouse]]","Cactus [[Nettle, all poisonous plants]]",Snakestone [[Greenish Turquoise]],The Pain of the Obligation [[The Oath]],AUMGN,"Siamese Benzoin, Opoponax",...,...,Necromancy,...,,...,Rubeus*,...,Ⲛ,ⲛ,Nr,50,N,ن,nūn,50,Ν,ν,50,Cancer,,,,,,,,,,,,,,,,,,,,,,,,,,,,,,,,,,,,,,,,,,,,,,,,,,,,,,,,,,,,,,,,,,,,,,,,,,,,,,,,,,,,,,,,,,,,,,,,,,,,,,,,,,,,,,,,,,,,,,,,,,♏,Scorpio,♂,Pluto,♅,Uranus,וההי,דן,Dan,סוסול,Susul,סאיציאל,Saitziel,בתחון,Bethehon,סעקנב,Sahaqanab,מוץ,Kamotz,ננדוהר,Nundohar,ותרודיאל,Uthrodiel,"A man with a lance in his right hand, in his left a human head","A man riding a camel, with a scorpion in his hand",A horse and a wolf,Opoponax,As for Asc.,As for Asc.,יפוש,Ipos,22,Mars,"Angel with lions head, gooses feet, horses tail.",אים,Aim,23,Venus,"Man with 3 heads a serpent s, a mans (having two stars on his brow), and a calf s. Rides on viper and bears firebrand).",נבר,Naberius,24,Luna,A black crane with a sore throat - he flutters.,און,Amy,58,Mercury,Flaming fire.,וריאץ,Oriax,59,Luna,"Lion on horse, with serpents tail, carries in right hand two hissing serpents.",נפול,Napula,60,Venus,Lion with Gryphon's wings.,Arimanius,Sentacer,Merota,Tepiseuth,Panotragus,Senciner,"Nantur, Toglas, Zalburis, Alphun, Tukiphat, Zizuph, Cuniali","10°-30° Iklil, Kalb (Cor Scorpionis), and 0°-20° Shaulah (tail of Scorpio)","נ, ן","50, 700",Scorpio,ברכיאל,Barachiel,13,The Child of the Great Transformers; The Lord of the Gate of Death,A skeleton with a scythe mowing men; the scythe handle is a Tau,Intestines,"Lamiae, Stryges, Witches"
25,סמך,Samekh,Prop,,,קשת,Qesheth,♐,Sagittarius,נחשירון,Necheshiron,Serpentine,,325,☉ - 🜂 - ♃,6 to 9,Intelligence of Probation or Tentative One,Temperence,Blue,#0000FF,Yellow,#FFFF00,Blueish mauve,#9370DB,Dark vivid blue,#002FA7,Nephthys,Ⲁⲣⲱⲩⲉⲣⲓⲋ,...,Vishnu (Horse-Avatar),Limited Aperture,...,,...,"Apollo, Artemis (hunters)",Diana (Archer) [[Iris]],...,," Centaur, Horse, Hippogriff, Dog",Rush,Jacinth,The Arrow (swift and straight application of force),ON,Lign-aloes,...,...,Transmutations [[Vision of Universal Peacock]],...,,The Rose (5x5),Acquisitio*,...,Ⲝ,ⲝ,Ksi,60,X,س,sīn,60,Ξ,ξ,60,"Apoplexy,Thrombosis",,,,,,,,,,,,,,,,,,,,,,,,,,,,,,,,,,,,,,,,,,,,,,,,,,,,,,,,,,,,,,,,,,,,,,,,,,,,,,,,,,,,,,,,,,,,,,,,,,,,,,,,,,,,,,,,,,,,,,,,,,♐,Sagittarius,♃,Cauda Draconis,♆,Neptune,ויהה,בנימן,Benjamin,סויעסאל,Suyasel,סריטיאל,Saritiel,אהוז,Ahoz,לברמין,Lebarmin,משראת,Mishrath,והרין,Vehrin,אבוהא,Aboha,"A man with 3 bodies 1 black, 1 red, 1 white","A man leading cows, and before him an ape and bear",A man leading another by his hair and slaying him,Lign-aloes,Foi Lori,Gaxisphilium,גלאסלבול,Glasyalabolas,25,Mars/Mercury,A dog with a gryphons wings.,בים,Bime,26,Venus,"Dragon with 3 heads a dog s, man s, and gryphon s.",רונוו,Ronove,27,Mars/Luna,A monster (probably a dolphin).,זאגן,Zagan,61,Sol/Mercury,"Bull with Gryphon's wings.,",ואל,Volac,62,Mercury,Child with angels wings rides a two-headed dragon,אנדר,Andras,63,Luna,"Angel with raven's head. Rides black wolf, carries sharp sword.",Tolmophta,Eregbuo,Tomras,Sagen,Zeraph,Chenen,"Risnuch, Suclagus, Kirtabus, Schachlil, Colopatiron, Zeffar","20°-30° Shaulah, Naaim (stars in Pegasus), and Baldah (no constellation)",ס,60,Sagittarius,אדוכיאל,Advachiel,14,The Daughter of the Reconcilers; The Bringer Forth of Life,The figure of Diana huntress,Hips and Thighs,Centaurs
26,עין,Ayin,Eye,,,גדי,Gedi,♑,Capricorn,דגדגירון,Dagdagiron,Fishy,,351,♀ - 🜃 - ☽,6 to 8,Renovating Intelligence,The Devil,Indigo,#4B0082,Black,#000000,Light translucent pinksh brown,Not a valid color description,Cold dark grey near black,#292929,Khem (Set),Set,The Buttocks and Anus (Eye of Hoor),"Lingam, Yoni",Putrid Corpse,...,,...,"Pan, Priapus","Pan, Vesta, Bacchus",...,,"Goat, Ass [[Oyster]]","Indian Hemp, Orchis Root, Thistle [[Yohimba]]",Black Diamond,"The Secret Force, Lamp",ON,"Musk, Civet ( also ♄ian Perfumes)",Orchis [Satyrion],...,"The Witches' Sabbath so-called, the Evil Eye",...,,"Calvary Cross of 10, Solid",Carcer*,...,Ⲟ,ⲟ,Ow,70,O,ع,äyn,70,Ξ,ο,70,Arthritis,,,,,,,,,,,,,,,,,,,,,,,,,,,,,,,,,,,,,,,,,,,,,,,,,,,,,,,,,,,,,,,,,,,,,,,,,,,,,,,,,,,,,,,,,,,,,,,,,,,,,,,,,,,,,,,,,,,,,,,,,,♑,Capricorn,♄,Mars,♇,Pluto,היהו,זבולן,Zebulon,כשניעיה,Kashenyaiah,שמקיאל,Samqiel,סנדלעי,Sandali,אלויר,Aloyar,מסנין,Misnim,יסיסיה,Yasyasyah,יסגדיברודיאל,Yasgedibarodiel,A man holding in his right hand a javelin and in his left a lapwing.,A man with an ape running before him,A man holding a book which he opens and shuts,Assafoetida,Colophonum,Cubel Pepper,ברית,Berith,28,Venus,Gold-crowned soldier in red on a red horse. Bad breath.,אשתרות,Asteroth,29,Venus,"Hurtful angel or infernal dragon, like Berith, with a viper [breath bad].",פורנאש,Forneus,30,Luna,Sea monster.,האור,Haures,64,Venus,Leopard.,אנדראלף,Andrealphus,65,Luna,Noisy Peacock,כימאור,Kimaris,66,Luna,Warrior on black horse.,Soda,Themeso,Riruphta,Epima,Monuphtha,Homoth,"Sezarbil, Azeph, Armilus, Kataris, Razanil, Bucaphi, Mastho","Sa ad al-Zábih (the Slaughterer s Luck), Sa ad al-Bal a (Glutton s Luck), and 0°-10° Saad al Sa ad (Luck of Lucks, stars in Aquarius)",ע,70,Capricorn,הנאל,Hanael,15,The Lord of the Gates of Matter; The Child of the Forces of Time,The figure of Pan or Priapus,Genital System,"Satyrs and Fauns, Panic-demons"
27,פה,Pe,Mouth,,אדני (65),מאדים,Madim,♂,Mars,,,,,378,...,7 to 8,Exciting Intelligence,The House of God,Scarlet,#FF2400,Red,#FF0000,Rich amber,#FFBF00,Bright red rayed azure or orange,#FF4500,Horus,Mentu,The Right Nostril (Khenti-Khas),[[Krishna]],Blood-red,...,,Tuisco,Ares [[Athena]],Mars,Pergamos,,"Horse, Bear, Wolf [[Boar]]","Absinthe, Rue","Ruby, any red stone",The Sword,...,"Pepper, Dragonís Blood, all Hot Pungent Odours",...,...,Works of Wrath and Vengeance,Kan,,...,Pentagram,Cruelty (Wrath),Ⲡ,ⲡ,Pi,80,P,ف,fa,80,Π,π,80,Inflammation,,,,,,,,,,,,,,,,,,,,,,,,,,,,,,,,,,,,,,,,Mars,5,גראפיאל,Graphiel,ברצבאל,Bartzabel,Phaleg,Iron,Samma Vayamo,Right Energy,Left Upper Point,,,,,,,,,,,,,,,,,,,,,,,,,,,,,,,,,,,,,,,,,,,,,,,,,,,,,,,,,,,,,,,,,,,,,,,,,,,,,,,,,,,,,,,,,,,,,,,,,,,,,,,,Venus,,,,,,,,,,,,,,,,,,,,,,,,,,,,,,,,,,,"פ, ף","80, 800",Mars,זמאל,Zamael,16,The Lord of the Hosts of the Mighty,A tower struck by forked lightning,Muscular System,"Furies, Chimaeras, Boars (as in Calydon), etc."
28,צדי,Tzaddi,Fish-hook,,,דלי,Deli,♒,Aquarius,בהימירון,Bahimiron,Bestial,,406,♄ - 🜁 - ☿,7 to 9,Natural Intelligence,The Star,Violet,#EE82EE,Sky blue,#87CEEB,"Scarlet, flecked gold",Not a valid color description,White tinged purple,#F5F0FF,"Ahepi, Aroueris",Nuit,The Reins (Lords of Kereba),[[The Maruts]],Purple Corpse,...,,...,[[Athena]] Ganymede,Juno [[Æolus]],...,,"Man or Eagle (Cherub of Air), Peacock","[Olive], Cocoanut",Artificial Glass [[Chalcedony]],The Censer or Aspergillus,...,Galbanum,All diuretics,...,Astrology,...,,...,Tristitia*,...,Ⲯ,ⲯ,Psi,700,Ps,ص,sād,90,Ψ,ψ,700,Cystitis,,,,,,,,,,,,,,,,,,,,,,,,,,,,,,,,,,,,,,,,,,,,,,,,,,,,,,,,,,,,,,,,,,,,,,,,,,,,,,,,,,,,,,,,,,,,,,,,,,,,,,,,,,,,,,,,,,,,,,,,,,♒,Aquarius,♄,Neptune,♅,Uranus,היוה,ראובן,Reuben,אנסואל,Ansuel,צכמקיאל,Tzamiqiel,עתור,Athor,פלאון,Polayan,סספם,Saspam,אבדרון,Abdaron,גרודיאל,Gerodiel,A man with bowed head and a bag in his hand.,"A man arrayed like a king, looking with pride and conceit on all around him","A small-headed man dressed like a woman, and with him an old man",Euphorbium,Stammonia,Rhubarb,פוראש,Foras,31,Mercury,A strong man in human shape.,אסמדאי,Asmoday,32,Sol,"3 heads (bull, man, ram), snake s tail, goose s feet. Rides, with lance and banner, on a dragon.",געף,Gaap,33,Mercury,Like a guide. To be kings.,אמדוך,Amdusias,67,Venus,(1) Unicorn. (2) Dilatory bandmaster.,בליאל,Belial,68,Sol,Two beautiful angels sitting in chariot of fire.,דכאוראב,Decarabia,69,Luna,A star in a pentacle.,Brondeus,Oroasoer,Vucula,Astiro,Proteus,Tepisatras,"Æglun, Zuphlas, Phaldor, Rosabis, Adjuchas, Zophas, Halacho","10°-30° Sa ad al-Sa ad, Sa;ad al-Akhbiyah (Luck of Tents), and 0°-20° Fargh the former (spout of the Urn)","צ, ץ","90, 900",Aquarius,כאמבריאל,Cambriel,17,The Daughter of the Firmament; The Dweller Between the Waters,The figure of a water nymph disporting herself,"Kidneys, Bladder, Etc.","Water Nymphs, Sirens, Lorelai, Mermaids (cf. Virgo)"
29,פוף,Qoph,Back of head,,,דגים,Dagim,♓,Pisces,נשימירון,Nashimiron,Malignant Woman,,435,♂ - 🜄,7 to 10,Corporeal Intelligence,The Moon,Crimson (ultra violet),#8A2BE2,"Buff, flecked silver-White",#CCCCCC,Blue black,#000080,Stone colour,#AAADB2,Khephra (as Scarab in Tarot Trump),Anubi,...,Vishnu (Matsya Avatar),Conduct,...,,...,Poseidon [[Hermes Psychopompus]],Neptune,...,,"Fish, Dolphin [[Beetle, Dog, Jackal]]","Unicellular Organisms, Opium [[Mangrove]]",Pearl,The Twilight of the Place and Magic Mirror,...,Ambergris [[Menstrual Fluid]], All narcotics,...,"Bewitchments, Casting Illusions",...,,...,Laetitia*,...,Ⲭ,ⲭ,Khi,90,Q,ق,qäf,100,Ρ,ϱ,90,Gout,,,,,,,,,,,,,,,,,,,,,,,,,,,,,,,,,,,,,,,,,,,,,,,,,,,,,,,,,,,,,,,,,,,,,,,,,,,,,,,,,,,,,,,,,,,,,,,,,,,,,,,,,,,,,,,,,,,,,,,,,,♓,Pisces,♃,Venus,♆,Neptune,ההיו,שמעון,Simeon,פשיאל,Pasiel,וכביאל,Vakabiel,רמרא,Ramara,נתדוריאל,Nathdorinel,בהלמי,Bihelami,אורון,Avron,סטריף,Satrip,"A man with two bodies, but joining their hand.",A grave man pointing to the sky.,"A man of grave and thoughtful face, with a bird in his hand, before him a woman and an ass",Thyme,Coxium,Santal Alb,פורפור,Furfur ,34,Mars,(1) Hart with fiery tail. (2) Angel.,מרחוש,Marchosias,35,Luna,Wolf with a gryphon s wings and serpent s tail. Breathes flames.,ישטולוש,Stolas,36,Jupiter,Raven.,שאר,Seere,70,Jupiter,Beautiful man on winged horse.,רןטאל,Dantalion,71,Venus,"Man with many countenances, all mens and womens, carries a book in right hand.",אנדרומאל,Andromalius,72,Mars,Man holding a great serpent.,Rephan,Archatapias,Sourut,Thopibui,Phallophorus,Atembui,"Tarab, Misran, Labus, Kalab, Hahab, Marnes, Sellen","20°-30° Fargh the former, Fargh the latter (hind lip of Urn), and Risháa (navel of Fish s belly)",ק,100,Pisces,אמניציאל,Amnitziel,18,The Ruler of Flux and Reflux; The Child of the Sons of the Mighty,The waning moon,Legs and Feet,"Phantoms, Werewolves"
30,ריש,Resh,Head,,אלה(36),שמש,Shemesh,☉,Sol,,,,,465,...,8 to 9,Collecting Intelligence,The Sun,Orange,#FFA500,Gold Yellow,#FFD700,Dark brown,#654321,Amber rayed red,#FFBF00,Ra,Ra,The Right Eye (Hathor),"Agni [Tejas], Yama [Last Judgement]",Light,Vision of Surya,,...,"Helios, Apollo",Apollo [[Ops]],Smyrna,,"Lion, Sparrowhawk [[Leopard]]","Sunflower, Laural, Heliotrop [[Nut, Galangal]]",Crysolith,The Lamen or Bow and Arrow,IAO : INRI,"Olibanum, Cinnamon, all Glorious Odours",Alcohol,...,"The Red Tincture, Power of Acquiring Wealth",Li and Khien,,...,Hexagram,(pride),Ⲣ,ⲣ,Ro,100,R,ر,rā,200,Ρ,ρ,100,Repletion,,,,,,,,,,,,,,,,,,,,,,,,,,,,,,,,,,,,,,,,Sol,6,נכיאל,Nakhiel,סורת,Sorath,Och,Gold,Samma Samadhi,Right Rapture,Center Point,,,,,,,,,,,,,,,,,,,,,,,,,,,,,,,,,,,,,,,,,,,,,,,,,,,,,,,,,,,,,,,,,,,,,,,,,,,,,,,,,,,,,,,,,,,,,,,,,,,,,,,,,,,,,,,,,,,,,,,,,,,,,,,,,,,,,,,,,,,ר,200,Sol,מיכאל,Michael,19,The Lord of the Fire of the World,The Sun,Circulatory System,Will o' the Wisp
31,שין,Shin,Tooth,,אלהים,אש,Ash,🜂,Fire,,,,,496,Hot & Dry 🜂,8 to 10,Perpetual Intelligence,The Angel or Last Judgement - Wands - Kings or Knights,Glowing orange scarlet,#FF4500,Vermillion,#FF4D00,"The 7 prismatic colours, the violet being outside",Not a valid color description,Vermillion flecked crimson & emerald,#E34234,"Thoum-Aesh-Neith, Mau, Kabeshunt,
Horus, Tarpesheth",Mau,The Teeth - The Breast,Surya (Sun),Fire,Agni-Bhawana,,...,Hades,"Vulcan, Pluto",Mark,,Lion (Cherub of Fire),"Red Poppy, Hibiscus, Nettle [[all scarlet flowers]]",Fire Opal,"The Wand or Lamp, Pyramid of 🜂  [[The Thurible]]",...,"Olibanum, all Fiery Odours",...,Nitrates,"Evocation, Pyromancy",Kan,,...,Those of 🜂y Triplicity,Velle,Ⳃ,ⳃ,Shai,900,T,ش,shīn,300,Ϡ,ϡ,900,Fever,ה,"Water, Taste",גהון,Gihon,מערב,Maareb,West,Thahebyobeaatan,גבריאל,Gabriel,תרשיס,Tharsis,תליהד,Taliahad,Niksa,בריאה,Beriah,Creative World,סג,Seg,63,יוד הא ואו הא,נשמה,Neshamah,Ariton,⊖,Right Upper Point,"The Queen of the Thrones of Flame. 20° ♓ to 20° ♈, including part of Andromeda.",The Queen of the Thrones of the Waters. 20° ♊ to 20° ♋,The Queen of the Thrones of Air. 20° ♍ to 20° ♎,The Queen of the Thrones of the Earth. 20° ♐ to 20° ♑,Apas,Silver Crescent,vedanā,Feeling,"Chyle, Lymph",Sorrow can be remedied,Holding,Nutrition,,,,,,,,,,,,,,,,,,,,,,,,,,,,,,,,,,,,,,,,,,,,,,,,,,,,,,,,,,,,,,,,,,,,,,,,,,,,,,,,,,,,,,,,,,,,,,,,,,,,,,,,,,,,,,,,,,,,,,,,,,,,,,,,,,,,,,,,,,,,,,,,,,,,,,ש,300,Fire,,,20,The Spirit of the Primal Fire,Israfel blowing the Last Trumpet; the dead arising from their tombs,Organs of Circulation,Salamanders
32,תו,Tav,Tau (as Egyptian),,אב(3) יה(15),שבתאי,Shabbathai,♄,Saturn ,,,,,528,...,9 to 10,Administrative Intelligence,The Universe,Indigo,#4B0082,Black,#000000,...,...,Black rayed blue,#00008B,"Sebek,Mako",...,The Right Earh (Aput),"Brahma, Indra",Quiescence,...,,...,[Athena],"Saturn [[Terminus, Astræa]]",Ephesus,,Crocodile,"Ash, Cypress, Hellebore, Yew, Nightshade [[Elm]]",Onyx,A Sickle,...,"Assafœtida, Scammony, Indigo, Sulphur (all Evil Odours)",...,Lead,Works of Malediction and Death,Khan,,...,Triangle,Envy (Avarice),Ⲧ,ⲧ,Taw,300,,ت,tä,400,Τ,τ,300,Arteriosclerosis,י,"Fire, Sight",פישון,Pison,דרום,Darom,South,Ohooohatan,מיכאל,Michael,שרף,Seraph,אראל,Aral,Djin,אצילות,Atzilut,Archetypal World,עב,Aub,72,יוד הי ויו הי,חיה,Chiah,Paimon,🜍,Right Lower Point,"The Lord of the Flame and the Lightning. The King of the Spirits of Fire. Rules 20° ♏ to 20° ♐, including part of Hercules.","The Lord of the Waves and the Waters. The King of the Hosts of the Sea. 20° ♒ to 20° ♓, including most of Pegasus.",The Lord of the Winds and the Breezes. The King of the Spirits of Air. 20° ♉ to 20° ♊,The Lord of the Wide and Fertile Land. The King of the Spirits of Earth. 20° ♌ to 20° ♍,Agni or Tejas,Red Triangle,sañña,Perception,Blood,Sorrow has a remedy in the Eightfold Path,Moving,Moving,Saturn,3,אגיאל,Agiel,זזאל,Zazel,Arathron,Lead,Samma Sati and Samaditthi,Right Recollection and Right Viewpoint,Top Point,,,,,,,,,,,,,,,,,,,,,,,,,,,,,,,,,,,,,,,,,,,,,,,,,,,,,,,,,,,,,,,,,,,,,,,,,,,,,,,,,,,,,,,,,,,,,,,,,,,,,,,,,,,,,,,,,,,,,,,,,,,,,,,,,,,,,,,,,,,ת,400,Saturn,כשיאל,Cassiel,21,The Great One of the Night of Time,Should contain a demonstration of the quadrature of the circle,Excretory System,"Ghouls, Larvae, Corpse Candles"
32 bis,תו,Tav,...,,אדני הארץ,ארץ,Aretz,🜃,Earth,,,,,...,Cold & Dry 🜃,...,...,Empresses - Coins,"Citrine, Russet, Olive, Black","#E4D00A, #80461B, #808000, #000000",Amber,#FFBF00,...,...,Black and yellow,#000000,"Satem,Ahapshi,Nephthys,Ameshet",...,The Bones (אלים חיים),[[Prithivi]],Earth,Prithiva-Bhawana,,...,[Demeter] [[Gaia]],Ceres,Luke,,Bull (Cherub of Earth),"Oak, Ivy [[Cereals]]",Salt,The Pantacle or [[Bread and]] Salt,...,"Storax, all Dull and Heavy Odours",...,Bismuth,"Alchemy, Geomancy, Making of Pantacles [[Travels on the Astral Plane]]",Kan,,...,Those of 🜃y Triplicity,Tacere,,,,,,,,,Υ,υ,400,Sluggishness,הּ,"Earth, Touch",פרת,Phrath,צפון,Tzaphon,North,Thahaaothahe,אוריאל,Auriel,כרוב,Kerub,פורלאך,Phorlakh,Ghob,עשיה,Assiah,Material World,בן,Ben,52,יוד הה וו הה,נפש,Nephesh,Amaimon,⊖,Left Lower Point,The Princess of the Shining Flame. The Rose of the Palace of Fire. Rules one Quadrant of Heavens round N. Pole.,The Princess of the Waters. The Rose of the Palace of the Floods. Rules another Quadrant,The Princess of the Rushing Winds. The Lotus of the Palace of Air. Rules a 3rd Quadrant.,The Princess of the Echoing Hills. The Lotus of the Palace of the Earth. Rules a 4th Quadrant of the Heavens about Kether.,Prithivi,Yellow Square,rūpa,Corporeality,"Solid structures, tissues",Sorrow is a condition of existence,Excreting,Matter,,,,,,,,,,,,,,,,,,,,,,,,,,,,,,,,,,,,,,,,,,,,,,,,,,,,,,,,,,,,,,,,,,,,,,,,,,,,,,,,,,,,,,,,,,,,,,,,,,,,,,,,,,,,,,,,,,,,,,,,,,,,,,,,,,,,,,,,,,,,,,,,,,,,,,ת,400,Earth,,,,,,Excretory Organs/Skeleton,"The Dweller of the Threshold, Gnomes"
31 bis,שין,Shin,...,,יהשוה  אהיה : אגלא,את,Ath,☸,Spirit,,,,,...,...,...,...,All 22 Trumps,"White, merging Grey",#EEEEEE,Deep purble (near black),#111111,...,...,"White, red, yellow, blue, black (the latter outside)",#FFFFFF,Asar,...,...,[[Akasa]],Breathing,"Vision of the Higher Self, Prana-yama",,...,Ikarus,[Liber] [[Bacchus]],The Holy Ghost,,Sphinx (if sworded and crowned),Almond in Flower,Black Diamond,[[The Winged Egg]],...,[[No attribution possible]],Stramonium,Carbon,"Invisibility, Transformations, Vision of the Genius",...,,...,...,...,,,,,,,,,,,,Death/Full insanity,ש,"Spirit, Hearing",,,,,,,,,,,,,,,,,,,,,יחידה,Yechidah,,,Topmost Point,The Root of the Powers of Fire (Ace),The Root of the Powers of Water.,The Root of the Powers of Air,The Root of the Powers of Water.,Akasa,Black Egg,viññānam,Consciousness,"Semen, Marrow",,Generating,Magick,,,,,,,,,,,,,,,,,,,,,,,,,,,,,,,,,,,,,,,,,,,,,,,,,,,,,,,,,,,,,,,,,,,,,,,,,,,,,,,,,,,,,,,,,,,,,,,,,,,,,,,,,,,,,,,,,,,,,,,,,,,,,,,,,,,,,,,,,,,,,,,,,,,,,,ש,300,Spirit,,,,,,Organs of Intelligence,[Socratic Genius]
